,ActualTOW_predicted,index
0,65280.81617555123,0
1,64912.92271629938,2
2,67780.33228532794,3
3,65174.24356944249,4
4,60609.88194513919,5
5,63444.83728672527,6
6,65868.08731083329,7
7,64863.67098718797,8
8,62970.41665029611,9
9,66612.57786160301,10
10,63331.137869731014,11
11,63664.79486073887,12
12,63525.81260179096,13
13,65924.28422193567,14
14,68005.01773641548,15
15,62575.85972449947,16
16,67790.19297233925,17
17,63508.74639572391,18
18,66460.06384432709,19
19,65085.3085567086,21
20,64010.997245087645,22
21,64100.07833409306,23
22,65923.40401966897,24
23,63181.335639056226,25
24,65105.188001099836,26
25,63428.65024698236,27
26,68717.73183881944,28
27,68760.72138466638,29
28,64503.348622482496,30
29,64401.84782706443,31
30,70754.05702669904,32
31,63440.82739178496,34
32,63013.45934786034,35
33,65888.00153576623,36
34,67404.64307155581,37
35,67532.26241745215,38
36,63692.73004074834,40
37,65592.43868094437,41
38,63912.8658467365,43
39,66281.04738357147,44
40,74104.46970574421,45
41,68151.33802871083,46
42,65867.8501031501,47
43,61727.43151535651,48
44,65438.12634433239,49
45,66066.31702272674,50
46,64982.86105435269,51
47,72033.41787645055,52
48,71672.28356304033,53
49,66989.42507085482,54
50,63990.51926782984,55
51,68092.0851482522,56
52,73142.26437187356,57
53,65964.40955738815,58
54,64156.84626123518,59
55,64193.08758144073,60
56,67230.8608795915,61
57,66356.53456582999,62
58,65237.726471673515,63
59,64099.249387372234,64
60,65110.70850200739,65
61,61938.342107240875,66
62,62329.15236513743,67
63,68223.29976629853,68
64,65584.17039955969,69
65,65258.648299819135,70
66,65082.01008830148,72
67,64329.26536227309,73
68,68052.41260041593,74
69,65669.3488415912,76
70,66684.7613268148,77
71,68514.5633756427,78
72,65169.32238932135,79
73,63371.213689553544,80
74,67984.40168164982,82
75,63088.32164387856,83
76,64161.82076551355,84
77,67190.90033278198,85
78,64275.0880426839,86
79,61955.65432498233,87
80,66417.9312283973,88
81,63460.80628984252,89
82,64841.52310498389,90
83,63927.28369961279,91
84,64407.22920028657,92
85,66290.22378985668,93
86,63522.57779652164,97
87,67389.957713255,98
88,66228.88610852108,99
89,64867.90741507798,100
90,64684.14101169663,102
91,62204.75755037494,103
92,66307.65380757957,104
93,64748.91856485287,105
94,62231.797789844204,106
95,66053.13122863536,107
96,64557.5635641157,108
97,66595.53755339571,109
98,64860.32062914188,110
99,59422.124327157675,111
100,66402.63736254499,112
101,64923.97888486131,113
102,61709.71969035815,114
103,61859.45242229952,115
104,66781.34647548218,117
105,65942.39774287012,118
106,66748.23715483089,120
107,63630.24088512145,121
108,66208.68961293309,122
109,65656.97967892764,124
110,65891.63292085905,125
111,60945.62011474195,126
112,63983.48310410231,128
113,60188.78500108019,129
114,63964.735571282334,130
115,64886.24647387923,131
116,61805.00008029497,134
117,54025.36600358039,135
118,64203.07333934216,136
119,59506.44141239483,138
120,60183.094889113716,139
121,60453.6938808681,141
122,60798.07793805715,142
123,61610.73487433008,143
124,63857.937644436024,144
125,64925.65764898721,145
126,64495.97270448749,146
127,60030.42074217091,147
128,61821.65511187568,148
129,64291.86322613952,149
130,64465.16942675546,150
131,64255.97426530832,152
132,67013.23552940418,154
133,58478.65178488851,155
134,67135.76114706855,156
135,67623.23682242326,157
136,67861.01613789289,160
137,67401.74167975732,161
138,63579.16661409024,162
139,62481.717254736875,164
140,56842.417111721625,165
141,65365.95808821449,166
142,68910.39268707782,167
143,64428.625116991,168
144,63594.72528975569,169
145,66897.65292221137,170
146,67140.02259009088,171
147,67075.64881044149,172
148,63660.298222113415,173
149,62879.08672146558,174
150,65623.17871232648,175
151,65706.79180017232,176
152,65788.0991245422,177
153,65161.630459217624,178
154,66843.68716294876,179
155,69787.1401148374,182
156,63757.967792674855,183
157,63813.6081323771,184
158,66788.3229754764,185
159,65136.684786963975,186
160,61423.64677467602,188
161,62940.5707342624,189
162,63055.21324103222,190
163,66471.99481831213,191
164,68389.28598089771,192
165,62066.89782273716,193
166,63359.917536101704,194
167,64020.61568178668,195
168,54105.312579723875,196
169,66380.16091072035,197
170,62986.74360015783,198
171,65758.49184023461,199
172,64203.4184149473,200
173,65073.60391518175,201
174,64391.849688245886,202
175,66173.06561876427,203
176,66078.20855500085,204
177,59535.58159613566,205
178,67515.71380599114,206
179,67250.9131612491,207
180,66452.9115865422,208
181,62426.519571338176,209
182,61755.6653477465,210
183,64462.10269828597,212
184,59082.007279211946,214
185,60452.508412477124,215
186,63123.842599746735,216
187,62847.27383944771,217
188,67562.18391244493,218
189,66709.57373870703,219
190,66291.63297333704,220
191,65615.61088684287,221
192,64106.12291604127,222
193,64861.50426704059,223
194,69512.50882664918,224
195,71730.78207171235,225
196,71227.64820554435,226
197,69815.08822998306,227
198,67196.5801756709,229
199,56773.09265413825,230
200,65545.6735204606,231
201,66823.16375130926,232
202,66144.58674863202,233
203,69497.00232332575,234
204,69322.62671111387,235
205,63488.314536490405,236
206,65206.69421226917,237
207,62618.83324649965,238
208,64677.34600840444,239
209,58338.47411636346,240
210,61770.44460155367,241
211,63174.19213194811,242
212,65773.41944682194,244
213,64828.03170345071,245
214,69466.91663887775,246
215,65547.11959894959,247
216,67283.9627244573,248
217,67381.48496446235,249
218,68523.11405347458,251
219,63927.609640905706,252
220,67731.0714778175,253
221,68218.02277572834,255
222,65074.27893988808,260
223,61207.31722467188,261
224,66490.84056880625,262
225,62645.85938560484,263
226,64874.94267340516,264
227,64279.39942192764,265
228,66533.53580016138,266
229,65326.36864523325,267
230,66395.00157732183,268
231,68014.66977376705,269
232,64880.76771387676,270
233,67569.13852579531,271
234,65299.30200288757,272
235,67987.39307178652,273
236,65604.18940288512,274
237,63458.65357077165,275
238,66537.70417722545,276
239,65260.40553817951,277
240,62341.84949525272,278
241,63888.246684949205,279
242,61532.37763759836,280
243,62723.806341296346,281
244,71329.17632565838,282
245,70671.75684860277,283
246,64800.42996912906,285
247,66304.83317318022,286
248,69078.76230289401,287
249,62572.72095793885,288
250,62270.410727911454,289
251,66634.66328154464,290
252,65933.19912752914,291
253,65957.32366696092,292
254,63469.146421731,293
255,63319.6122642246,294
256,64228.377917399725,295
257,66836.28192274072,296
258,65919.29207030922,297
259,67932.68151253763,298
260,63246.593771241176,299
261,66525.91102466271,300
262,64463.04235214429,301
263,65226.77556974718,302
264,67666.36314276846,303
265,63736.782250934775,304
266,62934.08429113068,307
267,66445.93566783633,308
268,66834.28268839752,309
269,65970.05892755587,310
270,65968.08633920128,311
271,64827.18101416479,312
272,64271.712208744015,313
273,64904.120204861494,314
274,62669.02943220957,317
275,64906.25111284572,318
276,68844.9520103377,319
277,56445.61743679488,321
278,66878.33560273402,322
279,58667.1785366309,323
280,63077.95266228124,324
281,67458.53633452191,325
282,64925.47020839211,326
283,61537.18069575174,327
284,62988.156998629245,328
285,67132.11117216047,329
286,66745.91381205806,330
287,63741.28093960328,332
288,67379.71665799995,333
289,56880.18392491952,334
290,60820.94148179101,335
291,63473.43503814816,336
292,61476.7971824476,337
293,61854.806396225424,338
294,67809.47491224263,339
295,65171.98060127267,340
296,65110.52107989378,341
297,61983.87903974358,342
298,64374.39971168805,343
299,64677.35205146029,344
300,67518.91562603129,345
301,64690.21096736816,346
302,64053.131991181,348
303,62799.99550577414,349
304,64535.77123746015,351
305,63635.14295699215,352
306,58763.366853179985,353
307,64522.584460432015,354
308,66131.34416265709,355
309,63866.15528788153,356
310,64325.248222869144,357
311,65333.719329179374,358
312,64362.56598312584,359
313,64276.07322656396,360
314,66233.99565394425,361
315,62309.020265590116,362
316,67259.02619857405,363
317,66687.54011755715,364
318,62820.54681647981,365
319,64237.69119731502,366
320,64915.021763462886,367
321,64317.787974486,369
322,59485.36212997676,370
323,66621.20657468798,371
324,56274.981902843676,372
325,58554.138400662734,373
326,67117.08092436554,374
327,65401.085713428736,375
328,67941.13152409914,376
329,61389.933550129565,377
330,66830.58804301618,378
331,61733.68677324283,379
332,65117.55297052319,380
333,64806.05992154849,381
334,66598.05516700739,382
335,66495.25298056827,383
336,67098.61914566113,384
337,67258.91830935309,385
338,62306.69392011368,386
339,68446.77715531776,387
340,68943.2721992379,388
341,62905.55621228466,389
342,65862.71836381275,390
343,70622.39133365011,391
344,71226.56499748676,392
345,68608.4972881874,393
346,65916.08846341576,394
347,64651.17116522296,395
348,65807.98920865655,396
349,66413.5890108429,397
350,64456.762861976356,398
351,66810.71376504398,399
352,64945.22980692324,400
353,66749.82479588054,402
354,62268.48188369472,403
355,64214.96800984863,405
356,63916.12637230325,406
357,58743.6709668417,407
358,65981.60725033881,408
359,66934.81662483951,409
360,67389.1182899467,410
361,67923.21331125406,411
362,67789.43086831372,412
363,59205.926490320715,413
364,64963.23853624813,414
365,54103.62114281078,415
366,67265.04282398583,416
367,64579.32683120533,417
368,63518.82231941442,418
369,63529.68815645879,419
370,63986.121905833126,420
371,64710.12656110929,421
372,64692.12316912233,423
373,66315.93949114622,424
374,64868.014786001455,425
375,63981.59675940968,426
376,63128.54269164299,427
377,67395.45619326356,428
378,62855.10564786875,429
379,62084.98051724159,430
380,65608.61050249041,431
381,64413.447652763025,433
382,64182.09606362384,434
383,64139.629825414864,435
384,63946.77836161226,436
385,64650.41269000628,437
386,64120.48199134799,438
387,65921.16832979623,440
388,69752.43712879473,441
389,69652.01979203608,442
390,68710.43260735586,443
391,66144.4803375058,444
392,71013.2460361161,445
393,70863.7723083162,446
394,64250.543109896455,447
395,64522.224897257285,448
396,67830.46292653297,449
397,68725.00954740349,450
398,67949.20142336954,451
399,66482.45258447147,452
400,64401.473640794604,453
401,64290.87837898373,454
402,65813.82097040929,455
403,64884.28788500741,456
404,64827.61631324482,457
405,64161.415145409715,458
406,60933.43490329591,459
407,65970.95641165426,462
408,67751.49642271159,464
409,70817.34777054592,465
410,64226.70325947635,466
411,65595.25857701596,467
412,63749.95856489701,468
413,64329.41513279941,469
414,63932.72324886647,470
415,67489.94641059134,471
416,69784.96595371583,472
417,62869.115377054986,473
418,63881.978521742814,474
419,58971.73587087034,475
420,65053.65331526409,476
421,63541.85854375579,478
422,66038.52458666849,479
423,63479.230609812446,480
424,65805.01467040207,481
425,62249.260902852395,482
426,65376.341752640685,483
427,64676.89205358402,484
428,66416.79893451881,485
429,63825.68069814213,486
430,64892.19526401386,487
431,64597.5881967313,488
432,67836.0877031084,489
433,70072.95922193064,490
434,69479.93536661967,492
435,64434.109968058634,494
436,62890.00076572816,495
437,63693.53794179721,496
438,64156.61746351926,497
439,61725.60485884789,498
440,63526.463587259444,499
441,62897.260666517854,500
442,62403.99436398212,502
443,65268.75436815703,503
444,62701.45544593646,504
445,66388.17702097523,505
446,62467.91820347653,506
447,61252.85973051013,507
448,69359.13645672028,508
449,68391.86217240633,509
450,66152.37959485517,510
451,64507.67701131581,511
452,64729.27359022026,512
453,67779.65477218856,513
454,66756.52411107352,514
455,66188.30553098752,515
456,63967.7833185638,516
457,63694.56549305148,517
458,62652.42076688006,518
459,55925.438286880846,519
460,71475.41344200243,520
461,68146.94988415545,521
462,62803.77001455805,522
463,60695.62768239272,523
464,64230.93966997518,524
465,63108.76364490452,525
466,63476.76022051605,526
467,60736.18418387501,527
468,63479.657589827955,528
469,63917.603768600115,529
470,66776.47123729037,530
471,67061.53765084448,531
472,67673.00783467513,533
473,64488.88923339556,534
474,66010.94632364532,535
475,65422.11828690395,536
476,66781.1714198569,537
477,65053.53874864365,542
478,63507.30827062019,544
479,67499.00616791296,546
480,67213.24687014816,547
481,70326.50324953297,548
482,71154.89713323613,549
483,68528.15473725948,550
484,68178.88493444628,551
485,67597.2883517436,552
486,62605.6405134727,553
487,60475.03066067724,555
488,64103.75511888011,557
489,65428.64077090167,558
490,64498.707911781734,559
491,65621.54280144972,560
492,63627.388223432354,561
493,64941.14752071958,562
494,63602.992435434826,563
495,63785.564025233456,564
496,62804.25918744309,565
497,63745.897040542375,566
498,67077.12353272815,567
499,55486.637222421276,568
500,65106.753088029734,569
501,63839.315741010134,570
502,65399.60007322826,571
503,64704.99202205639,572
504,63169.2621979202,573
505,65243.99586806728,574
506,62143.39652818124,576
507,69555.85296309536,577
508,62961.85404563124,578
509,59979.81224439582,579
510,59150.57522973186,580
511,64419.25892979971,581
512,63981.86883056622,582
513,67331.81478060795,583
514,62379.9813570728,584
515,62515.60012358323,585
516,62208.59269639148,586
517,61146.38659517307,587
518,63478.7675277831,588
519,62546.769077058656,589
520,68100.76351006843,590
521,67786.64839977819,591
522,65714.0371459973,592
523,66786.72690243984,593
524,61957.60330740391,594
525,60335.89287331666,595
526,62299.906719181614,596
527,65871.63288002879,597
528,67243.20527282494,598
529,62473.10216185854,599
530,68528.11062955651,600
531,66113.23439037775,601
532,64870.17483083286,602
533,66293.56995826947,603
534,64520.3098004804,604
535,64290.773004086026,605
536,61871.7109831475,606
537,62836.852804054746,607
538,66786.11639446439,608
539,64399.353121492095,609
540,63880.22352740428,610
541,60826.82188053874,611
542,63627.4218587715,612
543,62131.408921478665,613
544,61699.5620595821,614
545,63675.271413307906,615
546,61664.809618299245,616
547,65410.35614238247,617
548,66787.00987224968,618
549,66911.99267564712,619
550,71808.88025649774,620
551,70497.93929228168,621
552,68167.32949044422,622
553,67790.10786169278,623
554,68133.9479013227,624
555,58381.97130324957,625
556,67599.16000479205,626
557,66533.50348457461,627
558,64583.25717957059,629
559,73904.35337474948,630
560,66051.93288985116,631
561,66413.54742470146,633
562,65493.57763140459,634
563,67407.08329632222,635
564,68909.10337964764,636
565,67488.40558879678,637
566,62464.808447701034,638
567,62906.28723121201,639
568,60723.42405406979,640
569,59866.14226620902,641
570,62978.56470433809,642
571,65794.34578373595,643
572,65273.85369169417,644
573,62771.94143474198,645
574,65926.85777009663,646
575,65566.99092903893,647
576,68422.07556157047,648
577,62227.03707850915,649
578,68461.12445287145,650
579,62379.410699188775,651
580,65571.58346941734,652
581,65724.68599354959,653
582,64695.05824017923,655
583,63302.879854690116,656
584,65741.95479217393,657
585,64630.20941818666,658
586,64673.4629893466,659
587,62091.31094074994,660
588,62975.857767803165,661
589,61160.79400728434,662
590,60467.2753483613,663
591,62746.1766760378,664
592,63376.669940671454,665
593,67906.64482205486,666
594,67306.2256902811,667
595,74033.4555160068,668
596,71214.31337413308,669
597,58417.432772887965,670
598,67295.69948474954,671
599,67827.76839697988,673
600,65590.93037645241,674
601,59385.04678530253,675
602,66439.11001889444,677
603,65923.14570337743,678
604,65769.25862069741,679
605,63323.969478986466,680
606,61892.12474358003,681
607,63558.728198252065,682
608,64066.45446545753,683
609,65925.7468375998,684
610,65849.26141294514,685
611,64933.062762178444,687
612,66500.5951139517,689
613,65541.70068483733,690
614,57238.99948612168,691
615,65318.49310713077,692
616,65635.99407508066,693
617,66710.3497394813,696
618,63630.80444722629,697
619,67745.7992412638,698
620,70160.47856934919,700
621,69726.29379451688,701
622,54228.6937699392,702
623,67804.53693135343,703
624,63688.10836513538,704
625,63838.1361589854,705
626,64832.46252853444,706
627,62885.85528172405,707
628,64240.12643958573,708
629,65331.44573023192,709
630,64351.7545189197,710
631,63438.622146062226,711
632,62746.409543240785,712
633,65026.71688430403,713
634,64113.40915126101,714
635,66236.30760920724,715
636,64188.4718385826,716
637,67956.76612897527,717
638,68087.45346443613,718
639,69475.0604453902,719
640,62369.80621068879,720
641,61649.20884628165,721
642,64317.64919017183,722
643,64412.350970321706,723
644,64166.02764266766,724
645,63454.18553001413,725
646,59048.112926874186,726
647,62494.650735706506,727
648,67273.50279866457,728
649,64280.43242466741,729
650,66781.40901254716,730
651,62901.9052495833,731
652,64307.420974317996,732
653,61499.21257615558,733
654,62741.73743669289,734
655,67657.24428308188,735
656,65599.18472234777,736
657,64365.10557287354,737
658,62057.9689610075,740
659,63132.47677667253,741
660,66192.92900133344,742
661,65535.1214430951,743
662,63256.52522019008,744
663,63741.01007345632,745
664,65788.53512980502,746
665,64427.02164003867,747
666,67739.77825732592,748
667,63422.03325617387,749
668,64706.89143446748,750
669,63753.54536977873,751
670,64447.02414138864,752
671,63401.12054471631,753
672,60482.019585728696,754
673,62591.50685265361,755
674,62611.507647636,756
675,66520.94312209213,757
676,68048.21361444777,758
677,72357.48651324034,759
678,71659.5990698941,760
679,71765.2462048988,761
680,67929.87088919875,763
681,70987.25235721805,764
682,67010.99406289183,765
683,55847.72501760667,766
684,64989.961208426525,767
685,67075.08109322017,768
686,67069.80176662945,769
687,64488.784428265644,770
688,57611.94443530973,771
689,64238.283419247746,772
690,61963.314756855405,773
691,62131.894174746,774
692,70535.01856055985,775
693,64497.06354413271,776
694,66053.79504304423,777
695,55008.109910794294,778
696,66207.71530604178,780
697,66308.87717902483,781
698,62121.8151736912,782
699,60331.19265077755,783
700,64713.178520381145,784
701,64883.30631937504,785
702,62155.22307056847,786
703,63264.32119698347,787
704,62252.86128301214,788
705,66656.21431547223,790
706,64932.01817041827,791
707,66466.10646587783,792
708,64313.56054276714,793
709,65396.044643392575,794
710,65016.809678772835,795
711,67904.06152798755,796
712,66866.26785567016,797
713,65022.603567850274,798
714,67704.83491404702,799
715,66278.27932075283,800
716,66551.54197431212,801
717,54570.1687682223,802
718,65325.41622891295,803
719,71402.82840169931,805
720,69281.08406961586,806
721,67853.44489955562,807
722,68776.09548133127,808
723,64166.63422539698,809
724,65922.76920143129,810
725,67580.12129098103,811
726,66114.42567733632,812
727,67062.61579239485,813
728,67605.92502031813,814
729,66682.22922749081,815
730,68863.34846201411,816
731,66600.54491078826,817
732,67214.53757491327,818
733,63944.10889670185,820
734,64186.75825437544,821
735,65371.15567652343,822
736,65154.81343165589,823
737,65524.26198877952,824
738,64816.72526354701,825
739,65628.18914671372,826
740,65531.68099469186,827
741,63602.458449823105,828
742,55566.8379256447,829
743,59833.192664992595,830
744,63462.27619736529,831
745,64773.57111568368,832
746,63234.66721504087,833
747,66331.40257863818,834
748,58248.61929679069,835
749,66672.60381054919,836
750,66196.66731447591,837
751,63284.56616137482,838
752,65659.20493724912,841
753,64611.52532598795,842
754,65222.465641233626,843
755,65561.84424467148,844
756,65709.53699855691,845
757,65133.86717034495,846
758,64980.350364860904,847
759,63734.92953956268,848
760,64780.66430086489,849
761,71934.38212517483,850
762,70416.27783441043,851
763,64373.37803652349,852
764,63370.29769218052,853
765,64891.73016338817,854
766,64812.312364311976,855
767,65511.90504251069,856
768,65223.80279985123,857
769,65247.00409564767,858
770,66408.14529233884,859
771,64816.2837909942,864
772,63852.9437175929,865
773,67270.24673206848,867
774,64270.58012263219,868
775,65024.11931067398,869
776,66154.97933059528,870
777,64627.56820879437,871
778,64063.62009581984,872
779,63689.50756970198,873
780,62240.98948301977,874
781,64760.61942206748,875
782,64462.1778156675,876
783,64574.766939452435,877
784,58693.74492558084,878
785,61491.45420458173,879
786,63376.96968983758,880
787,62373.32510248364,881
788,65236.278558129314,882
789,67197.84124044301,883
790,66718.65027571982,884
791,56770.61120203034,885
792,64097.54093799896,886
793,64193.46550763079,887
794,64640.37704215544,888
795,63769.34695856375,889
796,57662.89374548054,890
797,60800.60020764108,891
798,62597.94209826941,892
799,62949.473913561014,893
800,61594.930408308785,894
801,61921.199091891714,895
802,64922.832945056645,896
803,63231.51827479739,897
804,65399.738710971535,898
805,63308.667251304985,899
806,69357.00652541216,900
807,63543.7243332478,901
808,64718.75005392389,902
809,63458.97688677805,903
810,63791.12660659468,904
811,65493.29553960648,905
812,64393.218063596716,906
813,63242.882586952524,907
814,67070.55593900842,908
815,56179.14804298651,909
816,59592.94713903733,915
817,66109.62549057599,916
818,61266.16797861959,917
819,70739.29720051124,918
820,71804.13436552246,919
821,67182.496362219,920
822,65959.71398861242,921
823,67427.83827618172,922
824,65418.75227833465,923
825,64430.66903942202,924
826,66913.71958236079,925
827,62036.006158306605,926
828,60741.44940056251,927
829,62716.61786957213,928
830,62919.76706139346,929
831,64676.77693713091,931
832,65140.485984516294,932
833,65510.68755113124,933
834,67710.97267819192,935
835,58619.41804048305,936
836,65065.5022227798,937
837,62047.2457938311,939
838,62495.698433090554,940
839,64437.618958939165,941
840,63678.13788414538,942
841,63088.456856934994,943
842,66037.20015056619,944
843,54306.835858211256,945
844,52956.15544208952,946
845,64047.96668923186,947
846,65000.599650093645,948
847,64763.341272362995,949
848,64587.665229738195,950
849,66742.1760301457,951
850,65847.86498762303,952
851,62883.03728077234,954
852,65545.2605441253,955
853,65219.22624827141,956
854,66582.81387254878,957
855,61455.63991334078,958
856,61750.466172213775,960
857,54476.829654806104,961
858,65213.61509002953,962
859,68456.78635834718,963
860,65715.87224468734,964
861,59604.88483425855,965
862,67430.63477214017,966
863,65624.09577181017,967
864,65625.46161766797,969
865,67261.37876374177,970
866,66775.85311653084,971
867,66911.92915077563,972
868,67262.03610241492,973
869,67925.092222271,975
870,69164.24914394786,976
871,66928.46174724548,981
872,58125.35330242137,982
873,65144.88055600559,984
874,68854.3585232742,985
875,68990.59172720854,986
876,59218.85360656677,987
877,64620.36380469989,988
878,56205.381464449245,989
879,66099.80629832493,990
880,68022.8945839215,992
881,67299.9180952914,993
882,67611.11462339837,994
883,64479.113560555335,995
884,64321.874958457534,996
885,63138.9072413439,997
886,64764.7429003729,998
887,65692.80891416651,999
888,65647.04080830049,1000
889,68059.06009523757,1001
890,65966.06442815195,1002
891,68635.60654435593,1003
892,67057.34370266047,1004
893,67252.2623685902,1005
894,66072.04729377417,1006
895,63583.59169360864,1008
896,63821.722020475805,1009
897,63461.084556607224,1010
898,64240.975576418015,1011
899,66842.91339651358,1012
900,63504.305227964505,1013
901,60237.387812677815,1014
902,60673.306449363015,1015
903,60035.02926073989,1016
904,64102.56842366645,1017
905,68661.30998849671,1018
906,70827.54952661082,1019
907,71085.01262832283,1021
908,70767.96701119829,1022
909,67225.80962786145,1023
910,63415.99453678808,1024
911,62680.53660204661,1026
912,69632.58163423049,1027
913,69262.07302242926,1028
914,66937.89585424143,1030
915,66575.69571812621,1031
916,54013.18422695351,1032
917,67385.27877594985,1033
918,66758.63817391185,1034
919,65591.04464363077,1035
920,66634.22937170438,1036
921,63499.3615791694,1037
922,65338.67203050247,1039
923,69236.37472868561,1040
924,70761.62682918177,1041
925,58263.57307141811,1042
926,71834.26966170954,1043
927,68346.9438237006,1044
928,66767.11065921407,1045
929,65641.04188031955,1046
930,64004.35218503826,1047
931,66278.26937271244,1048
932,65674.26509142312,1049
933,57709.0896848735,1050
934,67392.5166858035,1051
935,68106.5321991969,1052
936,66248.98401080187,1053
937,62401.29482355009,1054
938,62584.15777820957,1055
939,63725.34377779563,1056
940,64046.78043177332,1057
941,65558.07947709893,1058
942,64253.30612557063,1059
943,65743.62538088798,1060
944,66994.63933211476,1061
945,64893.71913608026,1062
946,65264.77669995947,1063
947,60628.43029764097,1064
948,60615.71199882304,1065
949,64304.50433061036,1066
950,64316.55508164038,1067
951,63690.22944038949,1068
952,64540.876618052,1069
953,67157.0661333941,1070
954,64843.18177977046,1072
955,67993.43254111089,1073
956,62544.99271393884,1074
957,66416.23803262917,1075
958,63832.38740941475,1076
959,63449.74403147931,1077
960,64650.23457307686,1078
961,64203.2425181547,1079
962,65351.0040541053,1080
963,65327.635881020025,1081
964,63023.09904960451,1082
965,64995.39704175308,1083
966,54794.1418900269,1084
967,66834.95392149096,1087
968,68214.2293455958,1088
969,63657.90505131482,1090
970,63568.14535369334,1091
971,63496.34674734534,1092
972,62992.18711554575,1093
973,63137.977059174016,1094
974,64136.39346637038,1096
975,53822.46492801701,1097
976,62717.42817319887,1098
977,67639.28489863042,1099
978,65703.74440206993,1100
979,63846.46088691834,1101
980,65891.18253176995,1102
981,62082.19594596181,1103
982,64036.885482398924,1104
983,62457.531059767425,1105
984,63721.773809537364,1106
985,63615.21116319084,1107
986,66052.73956178459,1109
987,60049.08085939411,1110
988,63038.21562926526,1111
989,66341.29464557384,1112
990,58480.33901675808,1113
991,62643.57752315899,1114
992,64904.211627074576,1115
993,66745.39712851596,1116
994,64812.12712822312,1117
995,63720.37706551112,1118
996,57406.278469636396,1119
997,61803.58788611581,1120
998,65734.98329908679,1121
999,68501.23600621463,1122
1000,63453.4472672815,1123
1001,63961.9327884258,1124
1002,71243.52462171372,1126
1003,67500.26542492898,1127
1004,67600.00326399403,1128
1005,64218.73618768551,1129
1006,60907.78432376293,1130
1007,66956.60219001054,1131
1008,67705.6434245362,1133
1009,64901.6401135904,1134
1010,63022.301353314724,1135
1011,65449.13355214589,1136
1012,63606.703947367234,1137
1013,63307.535727500544,1140
1014,64758.18203749263,1141
1015,63019.469973844316,1142
1016,65673.29608800617,1143
1017,64758.321626364,1144
1018,68196.88384480147,1145
1019,65643.1403052373,1146
1020,66185.12738472188,1147
1021,62863.117277369194,1148
1022,60885.80013057611,1149
1023,62682.882985449716,1150
1024,64978.8776944609,1151
1025,65846.59687023211,1152
1026,54960.77979262093,1153
1027,60941.78710337646,1154
1028,63549.47095324017,1155
1029,64360.80897444359,1157
1030,61341.821501812694,1158
1031,62584.37055381285,1159
1032,58256.72931900248,1160
1033,62247.64510205673,1161
1034,62575.195125245715,1162
1035,65914.38520148049,1163
1036,66633.18794851622,1164
1037,65343.29292728365,1165
1038,62670.70544581981,1166
1039,64065.01033252736,1167
1040,65380.76049992147,1168
1041,70803.77920024942,1169
1042,69074.19941302888,1170
1043,67631.3753881567,1172
1044,73059.23670997264,1173
1045,71250.11370149077,1174
1046,68291.46603963833,1175
1047,67732.13107429615,1176
1048,64680.809598287975,1177
1049,64803.53469052211,1178
1050,64605.77939952771,1179
1051,62375.1613209065,1181
1052,65760.97384648786,1182
1053,67942.74630708664,1183
1054,63276.8118770236,1184
1055,64300.08475604014,1186
1056,64215.81439400491,1187
1057,62478.586930128185,1188
1058,60478.73366963366,1189
1059,65059.3831452528,1191
1060,62185.385029423494,1192
1061,67137.75544033671,1193
1062,65481.658852074186,1195
1063,68467.46910842328,1196
1064,64468.63208709586,1197
1065,64569.39608800029,1198
1066,64758.555067841124,1199
1067,64264.92207323993,1200
1068,66663.34638179692,1201
1069,66470.30608292644,1202
1070,65741.41398850767,1203
1071,66205.03415244301,1204
1072,64641.16682156473,1205
1073,59274.54721024797,1206
1074,67221.2122915731,1207
1075,68571.41422664786,1208
1076,67267.0181037068,1209
1077,57975.83821447642,1210
1078,66164.91552745446,1211
1079,64006.58183276843,1212
1080,62811.212085840016,1213
1081,66893.247063659,1214
1082,68617.75857517745,1215
1083,69925.74161511048,1216
1084,65763.97602490122,1217
1085,66008.8413820645,1218
1086,64499.46384843258,1219
1087,63824.70291973568,1220
1088,59821.04919635567,1221
1089,63922.30518043276,1222
1090,64324.83699068483,1223
1091,66561.13912269782,1224
1092,67418.06430197926,1225
1093,63713.94719557687,1226
1094,52743.646789597464,1227
1095,65160.801913626696,1228
1096,66155.79433664937,1229
1097,62180.284474462,1230
1098,67823.28208264244,1231
1099,62714.27138165864,1232
1100,59688.461976964376,1233
1101,59961.89060801346,1234
1102,61848.12628897531,1235
1103,62337.587151901025,1236
1104,68676.19920309063,1237
1105,66836.02778760991,1238
1106,66751.79391854565,1240
1107,65995.54962091058,1241
1108,65477.98575480331,1242
1109,67237.66401412255,1243
1110,68391.61248022583,1244
1111,66522.57948338425,1245
1112,66536.28956204499,1246
1113,64661.771072439304,1247
1114,65941.05715731138,1248
1115,61889.27707773282,1249
1116,60173.87212350108,1250
1117,63151.19984788381,1251
1118,62041.270422653666,1252
1119,66716.81857850812,1253
1120,67338.56851601729,1254
1121,62277.47274799233,1255
1122,63844.71040492591,1256
1123,63185.8211144067,1257
1124,64253.29430510688,1258
1125,65508.38006007755,1259
1126,68791.37231786999,1260
1127,64299.9749749444,1261
1128,65445.7256818411,1262
1129,62476.05337548113,1263
1130,62235.20389376314,1264
1131,61858.59190687632,1265
1132,62496.45146446584,1266
1133,63363.625258946966,1267
1134,63454.84972115743,1268
1135,64572.89437415431,1269
1136,62627.88878833501,1270
1137,65936.59592022291,1271
1138,63946.69048493025,1272
1139,63166.55884460696,1273
1140,64244.52376909582,1274
1141,64455.33086229863,1275
1142,64246.163282007714,1276
1143,70453.78011966882,1277
1144,71159.62526420133,1278
1145,64681.79552488484,1279
1146,60408.43972284325,1281
1147,61814.354726466154,1282
1148,64796.467635922316,1283
1149,67129.28807774243,1284
1150,64596.834610024656,1285
1151,66565.59036204903,1286
1152,65797.4743009164,1287
1153,67632.87135084411,1288
1154,68106.97978731019,1289
1155,65706.90640665764,1290
1156,67833.92145188103,1291
1157,61364.18630425223,1292
1158,69097.41387368039,1296
1159,66065.14328136439,1297
1160,70869.64123410417,1298
1161,65220.65559740455,1300
1162,65350.2409794042,1302
1163,67289.62314536863,1303
1164,65198.91907300493,1304
1165,61749.33861223514,1305
1166,67159.98287053744,1306
1167,72574.28340499845,1308
1168,71525.53690369552,1309
1169,64513.75599080554,1310
1170,64715.81855472158,1311
1171,63792.33381248601,1312
1172,63135.81571233913,1313
1173,62218.346724427094,1314
1174,64297.39343621002,1316
1175,68497.7625584158,1317
1176,64401.53925082994,1318
1177,64633.71591333892,1319
1178,64809.1639068168,1320
1179,67987.22140071615,1321
1180,69470.72463889183,1322
1181,58040.64965346522,1323
1182,67111.85495821794,1324
1183,67447.88339448166,1325
1184,68315.61080058839,1326
1185,65254.049122144344,1327
1186,66392.00431398071,1328
1187,57237.16322636451,1330
1188,58208.16777059763,1331
1189,67487.021747321,1332
1190,62421.908217717086,1333
1191,65723.6002929153,1334
1192,66947.24088818817,1335
1193,54603.89843548603,1336
1194,61873.455075779675,1337
1195,61820.36128235726,1338
1196,65763.32515158289,1339
1197,66863.69804694991,1340
1198,61248.3006478676,1341
1199,61208.10881828488,1342
1200,63914.691038040306,1343
1201,57885.89676962487,1345
1202,67178.05033565534,1346
1203,63766.19186853619,1347
1204,63343.37077161132,1348
1205,64001.13806230834,1349
1206,63761.90404677861,1350
1207,66820.05204972508,1351
1208,63264.85068915135,1353
1209,65000.046226678176,1354
1210,63254.23085194495,1355
1211,64291.647784987996,1356
1212,67707.94455893125,1357
1213,67238.72014168187,1358
1214,68923.29900658898,1359
1215,67208.64048372312,1360
1216,58917.708400431155,1361
1217,63139.65900481035,1362
1218,63206.28852485866,1363
1219,65516.043819634935,1364
1220,64885.291124745585,1365
1221,64082.88914045387,1366
1222,64975.4572794786,1367
1223,65102.54913898662,1368
1224,67943.1707081251,1369
1225,68898.8367802373,1370
1226,66384.92181737912,1371
1227,67599.95227471177,1373
1228,67520.32605899048,1374
1229,67399.41850233285,1375
1230,62989.483117080184,1376
1231,62050.46175348911,1377
1232,54110.40343840647,1379
1233,64503.03404173194,1380
1234,63630.96838032896,1381
1235,66432.13653029209,1382
1236,65459.98691364417,1383
1237,67016.02212563228,1384
1238,57705.22691344493,1385
1239,67554.66453913198,1386
1240,67480.34310748818,1387
1241,60891.205365785994,1388
1242,65498.27161550142,1390
1243,66348.94333363952,1391
1244,63960.81582380576,1392
1245,65023.5308451552,1393
1246,64868.97854606336,1394
1247,65214.27993767407,1395
1248,63047.96415196202,1396
1249,63901.1102925839,1397
1250,62980.13936009063,1398
1251,61206.612901096574,1399
1252,64842.43831455996,1400
1253,64929.95587510295,1401
1254,62936.35044394607,1402
1255,63015.51833805451,1403
1256,64108.675985613554,1404
1257,60639.20634029307,1405
1258,64488.024679028356,1406
1259,64763.72200988999,1408
1260,64069.24611072665,1409
1261,63801.36053488627,1410
1262,63600.15652174968,1411
1263,63144.41872179823,1412
1264,63719.04067323641,1413
1265,61725.26565737919,1414
1266,64100.66261280776,1415
1267,65885.58189543108,1416
1268,61002.47366067935,1417
1269,65167.146781411466,1418
1270,62283.158400731285,1419
1271,57744.08363610078,1420
1272,66098.05774076215,1421
1273,63663.198884691585,1422
1274,65981.54163993156,1424
1275,64913.62251605059,1425
1276,64369.841099930876,1426
1277,64037.857252586036,1427
1278,70776.72752439622,1429
1279,65316.637479820245,1430
1280,65222.87299518921,1432
1281,65346.60724131739,1433
1282,65845.4898652248,1434
1283,65730.8201210373,1435
1284,66895.8750550922,1436
1285,67657.42558694415,1437
1286,64471.15511375784,1438
1287,65083.48757505939,1439
1288,66095.19677136236,1440
1289,62947.46331960068,1441
1290,64525.793379779556,1442
1291,63557.17702813033,1443
1292,66872.24653665634,1445
1293,66814.99464442718,1447
1294,67043.37643130266,1450
1295,61003.26620447755,1451
1296,67175.89829904205,1452
1297,66543.75110330388,1453
1298,64927.23682832293,1454
1299,66792.07057004597,1455
1300,65791.25887166572,1456
1301,65477.92257609466,1457
1302,67803.72815191644,1458
1303,66919.09522430404,1459
1304,65676.21575374446,1460
1305,63480.8200492923,1461
1306,64573.60214853361,1462
1307,65682.53344831374,1463
1308,65069.9191681159,1464
1309,71690.72709070382,1465
1310,70934.2044349145,1466
1311,66556.97880471137,1468
1312,61279.36212203185,1469
1313,62817.538616962636,1470
1314,62486.60174408332,1471
1315,62535.90902090568,1472
1316,61230.75275963745,1473
1317,61806.25186249608,1474
1318,65627.38756077042,1475
1319,64248.522109346144,1476
1320,63382.29401651661,1477
1321,64335.42426150847,1478
1322,63138.38898747125,1481
1323,56540.78416521575,1482
1324,64780.881062152584,1483
1325,64373.19807898011,1484
1326,66600.49412118846,1485
1327,67540.65409484183,1486
1328,68967.61935351197,1487
1329,68492.90760106918,1488
1330,61564.945228266784,1489
1331,64965.546980187726,1490
1332,65237.5488791364,1491
1333,61144.34323035692,1492
1334,65642.74412016539,1493
1335,67860.68039263139,1494
1336,61301.540737100964,1495
1337,62122.83075511683,1496
1338,62391.32844367931,1497
1339,62445.319147722614,1498
1340,62792.074390780836,1499
1341,62676.153169365956,1500
1342,62775.46138358221,1501
1343,62888.91301124994,1502
1344,65829.67246309879,1503
1345,65799.79579325179,1504
1346,62206.208423997305,1505
1347,62820.148076339254,1506
1348,64608.07163369668,1507
1349,61104.242798310515,1508
1350,65093.65059720991,1509
1351,64846.20278440314,1510
1352,65259.21427590285,1511
1353,66853.71673847582,1512
1354,62665.92181671906,1513
1355,63231.6479151879,1514
1356,66049.55194582016,1515
1357,66300.03343644296,1516
1358,62312.36580857785,1517
1359,61827.96702094003,1518
1360,62367.45977918301,1519
1361,62281.73383611302,1520
1362,68666.55670250871,1521
1363,73676.01400269281,1522
1364,67272.69126977556,1523
1365,56453.41793059022,1524
1366,64968.40569246501,1525
1367,65384.221419851965,1526
1368,62871.59150002224,1527
1369,62366.012627816744,1528
1370,67418.1124197465,1529
1371,63269.758051767974,1530
1372,63470.409582055974,1531
1373,64848.48216389522,1532
1374,63980.64873249091,1533
1375,62204.305619412095,1534
1376,63394.52976014633,1535
1377,64491.36536000951,1536
1378,67230.14572231368,1537
1379,69078.7896590088,1538
1380,66699.1764681048,1539
1381,65881.81448179614,1541
1382,66807.14346365529,1542
1383,71889.8026668501,1543
1384,68569.01649681469,1544
1385,63089.98280289777,1545
1386,63316.65927401179,1546
1387,61847.19451062452,1547
1388,62088.05715441804,1548
1389,66144.29483361954,1549
1390,64915.76343837308,1550
1391,66153.11447571868,1551
1392,64490.30181310663,1552
1393,65042.29176998789,1553
1394,67143.52021798262,1554
1395,64853.67906669659,1555
1396,64492.923807737156,1556
1397,65374.935749183394,1557
1398,63666.775200668584,1558
1399,66823.66755937818,1559
1400,68067.95461139843,1560
1401,60839.97378470734,1561
1402,62661.71448733718,1562
1403,62899.03641282011,1563
1404,61727.89984612427,1564
1405,70128.55482141575,1565
1406,72420.46031478861,1566
1407,64965.01450374473,1567
1408,65438.17403990427,1568
1409,68201.6433390842,1569
1410,66459.17823476362,1570
1411,66238.02163726283,1571
1412,68051.49890845275,1572
1413,71303.22677796682,1573
1414,69301.50553795902,1574
1415,65252.24833197266,1575
1416,63576.63170881412,1576
1417,64960.42395351148,1577
1418,65821.3257027227,1578
1419,67071.04728819078,1579
1420,64824.33059437907,1580
1421,61448.36467122318,1581
1422,67584.50545479273,1582
1423,62729.83240674279,1583
1424,63923.323400194546,1585
1425,62892.94490468045,1586
1426,66730.10804899511,1587
1427,66939.44613876427,1588
1428,60755.638908206594,1589
1429,64238.001550217545,1591
1430,62497.72372292026,1592
1431,65074.477484497525,1593
1432,62841.889870594794,1595
1433,64578.262491514135,1596
1434,64820.47969578835,1597
1435,64152.06939026639,1598
1436,65291.10123333865,1599
1437,64847.70894470765,1600
1438,64486.496722588876,1601
1439,67065.45755068518,1602
1440,63906.19114149381,1603
1441,63601.523387325586,1604
1442,63723.20568092395,1605
1443,64196.09797203205,1606
1444,62083.45117900507,1607
1445,63646.480418438114,1608
1446,63408.36072931146,1609
1447,62933.25460671098,1610
1448,66042.54685027651,1611
1449,65770.06318190404,1612
1450,59184.777054122365,1613
1451,68337.937653064,1615
1452,64775.12922848751,1617
1453,62822.259340683675,1618
1454,68059.60471253679,1619
1455,66781.38862136344,1620
1456,64357.592287301144,1621
1457,63417.88773961678,1622
1458,64027.5209616837,1623
1459,63084.959845055324,1624
1460,63265.6468196984,1625
1461,62461.18320279864,1626
1462,69088.49376618254,1627
1463,69580.69818278689,1628
1464,64427.213441345164,1629
1465,62764.55416126957,1630
1466,66870.6858997238,1631
1467,66963.24624809193,1632
1468,64572.890793590894,1633
1469,69776.7821337051,1634
1470,67812.94017007931,1636
1471,67769.34753041265,1637
1472,72391.15795391737,1638
1473,71403.06922375332,1639
1474,66326.0570646176,1640
1475,64292.44730009814,1641
1476,63135.21976636998,1642
1477,65214.155656089075,1643
1478,66231.91483636704,1644
1479,64924.83262035754,1645
1480,62567.16583356023,1646
1481,67040.0384093322,1648
1482,66574.99696348615,1649
1483,68195.09410888665,1650
1484,67839.74879789098,1651
1485,68604.33127228775,1652
1486,67165.35125979362,1653
1487,63975.511021697996,1654
1488,68029.29286856754,1656
1489,61772.09799814674,1657
1490,54013.18422695351,1658
1491,66666.07490009863,1659
1492,66919.96474171444,1660
1493,66747.35241634923,1661
1494,65153.493366455325,1662
1495,63822.44835802899,1663
1496,64383.09692846357,1664
1497,64889.83733412611,1665
1498,65616.24184504077,1666
1499,57418.02796033091,1668
1500,55913.940549576575,1669
1501,56016.311503900404,1670
1502,60502.82911027025,1671
1503,67189.24597314504,1672
1504,66179.98850825272,1673
1505,64696.014811062865,1674
1506,66490.33937351327,1675
1507,64428.49002408579,1676
1508,65927.81463338806,1677
1509,63712.32280118289,1678
1510,64574.958225128765,1679
1511,64234.522776707025,1680
1512,66901.33404690842,1681
1513,61610.77169895683,1682
1514,63430.63078942481,1683
1515,67263.87572763898,1684
1516,67854.57520583436,1685
1517,67783.85104051758,1686
1518,67637.16078446974,1687
1519,67800.9403468649,1689
1520,65446.83126067035,1692
1521,64359.77694993612,1693
1522,64179.68685266907,1694
1523,68735.85049996177,1695
1524,65391.61435861789,1697
1525,65901.24469972136,1698
1526,64156.05940175709,1699
1527,63039.04781421916,1700
1528,64496.05293691208,1701
1529,64717.4177836497,1702
1530,66845.1139441756,1703
1531,67253.47024590442,1704
1532,67760.21898080243,1705
1533,66415.4839619558,1706
1534,65248.67250583716,1707
1535,64722.62164415894,1708
1536,62300.88747287849,1710
1537,66313.89322951305,1711
1538,65729.66193815376,1712
1539,65466.332705958346,1713
1540,60660.50960696925,1714
1541,62843.7725238544,1715
1542,62915.579991432605,1716
1543,62466.95802884752,1717
1544,64634.960452784966,1718
1545,58120.92907951763,1719
1546,60890.8285066654,1720
1547,68516.97839593705,1721
1548,68058.15482007596,1722
1549,61173.00167086352,1723
1550,65242.50324875627,1724
1551,66001.44678201353,1725
1552,67466.95885002211,1726
1553,67894.33840349602,1727
1554,69152.14800860347,1728
1555,68344.21591840933,1729
1556,57968.446339476424,1730
1557,63790.99457948988,1731
1558,63849.87391926548,1732
1559,64478.03210952037,1733
1560,64048.41383465537,1734
1561,62075.996421840435,1735
1562,66769.47870304393,1736
1563,61891.810231780386,1737
1564,62588.341453567875,1738
1565,63396.25086547094,1739
1566,63027.043792330056,1740
1567,65476.91081727333,1741
1568,66716.07468883305,1742
1569,66502.53580029553,1744
1570,66290.35577337487,1745
1571,63911.46883419388,1746
1572,66298.72835305346,1747
1573,63856.170583791885,1748
1574,62667.81439751846,1749
1575,65896.97676615417,1750
1576,64980.7308183064,1751
1577,67751.32655453152,1752
1578,55739.42126423853,1753
1579,66550.93594051615,1754
1580,65907.29836917417,1756
1581,58916.857612513464,1757
1582,62222.21106488648,1758
1583,61673.2619599621,1759
1584,64604.90091603486,1760
1585,64615.73385437514,1761
1586,62404.04764915019,1762
1587,67722.0615887731,1763
1588,65676.95637648295,1765
1589,65348.45475190501,1766
1590,68212.52605551576,1767
1591,57705.22691344493,1768
1592,62410.19640006793,1770
1593,64450.624252419235,1771
1594,64943.87120876205,1772
1595,63200.29218182678,1773
1596,64747.49220232166,1775
1597,65157.440765858264,1776
1598,67312.2569223755,1777
1599,66241.76622469051,1779
1600,65155.16398117729,1780
1601,63436.54688505302,1781
1602,65716.8626375256,1782
1603,63380.807616719205,1783
1604,64634.20149630027,1784
1605,73360.71828191729,1786
1606,64656.860337620106,1787
1607,66217.55433147203,1788
1608,65232.462365262865,1789
1609,63796.58099532921,1790
1610,73219.98546513253,1791
1611,70756.18546157746,1792
1612,73006.87819653132,1793
1613,70883.91061882595,1794
1614,62517.8065934008,1795
1615,65520.37331372979,1796
1616,58334.88099408132,1797
1617,58595.84239432565,1799
1618,63401.07927049361,1800
1619,69576.73764592833,1801
1620,68293.81758724252,1802
1621,67908.0612719436,1803
1622,67365.13549042995,1804
1623,63801.3910305509,1805
1624,65170.15110966161,1806
1625,65089.63456537325,1807
1626,67055.4198314756,1808
1627,67741.04887258846,1809
1628,57705.22691344493,1810
1629,65545.08964165764,1811
1630,69458.37810725068,1813
1631,63228.20062289017,1814
1632,62489.690666477174,1815
1633,65441.42467606853,1816
1634,65980.66818541734,1818
1635,64506.28500053183,1819
1636,64754.55697480242,1820
1637,65611.39640646693,1822
1638,63554.7224589784,1823
1639,63571.31144557813,1824
1640,61220.15168955152,1825
1641,69036.43783843998,1826
1642,63049.41769556943,1828
1643,63962.567261333264,1829
1644,62364.671581719034,1830
1645,63719.8548424695,1831
1646,64906.200980347974,1832
1647,63744.54946574695,1833
1648,58622.667696360644,1834
1649,65497.446395155814,1835
1650,63789.800415354526,1836
1651,63498.382265553606,1837
1652,64276.90524878636,1838
1653,65487.81928361103,1839
1654,65390.65016456925,1840
1655,65389.22215952636,1841
1656,64725.98741724952,1842
1657,63461.73117803903,1843
1658,66968.49896142559,1844
1659,65764.87381153055,1845
1660,64585.683062692166,1846
1661,64932.660314758614,1847
1662,68615.3999618427,1848
1663,67537.91026098875,1849
1664,74128.22109659786,1850
1665,71769.88796139053,1851
1666,63634.86055792892,1853
1667,61597.634793117715,1854
1668,67531.4606632597,1856
1669,66207.95769694143,1857
1670,66469.72027932576,1858
1671,66804.38301357797,1859
1672,63443.60972962798,1860
1673,66061.87632390573,1861
1674,64826.40586037735,1862
1675,65411.635620739195,1863
1676,71419.5685618841,1864
1677,68702.09774940599,1865
1678,65047.97531448781,1866
1679,66928.70286383087,1867
1680,70742.19116882206,1869
1681,69903.56201143307,1870
1682,66103.92159496054,1871
1683,65993.64651814019,1872
1684,63323.06971179626,1873
1685,64787.266016588575,1874
1686,64953.058872758396,1875
1687,62848.50874483253,1876
1688,62857.520505518456,1877
